{"Waves":[
  {"ID":0,"Enemies":[0,0,0,0,0,0,0,0],"EnemiesInterval":1.0},
  {"ID":1,"Enemies":[2,2,2,2,2,2,2,2],"EnemiesInterval":1.0},
  {"ID":2,"Enemies":[3,3,3,3,3,3,3,3],"EnemiesInterval":1.0},
  {"ID":3,"Enemies":[4,4,4,4,4,4,4],"EnemiesInterval":0.5},
  {"ID":4,"Enemies":[5,5,5,5,5,5,5,5,5,5],"EnemiesInterval":0.3},
  {"ID":5,"Enemies":[6,6,6,6,6,6,6],"EnemiesInterval":0.4},
  {"ID":6,"Enemies":[6,6,6,6,6,6,6,6,6],"EnemiesInterval":0.4},
  {"ID":7,"Enemies":[11,11,11,11,11,11,11,11,11,11],"EnemiesInterval":0.6},
  {"ID":8,"Enemies":[10,10,10,10,10,10,10,10],"EnemiesInterval":0.3},
  {"ID":9,"Enemies":[8,8,8,8,8,8,8,8],"EnemiesInterval":0.4},
  {"ID":10,"Enemies":[0,0,0,0,0,1,2,2,0,0,0,0,3,0,0,0],"EnemiesInterval":0.6},
  {"ID":11,"Enemies":[4,5,5,5,5,5,6,7,8,8,8,8,8,6,6,6],"EnemiesInterval":0.6},
  {"ID":12,"Enemies":[9,10,10,10,11,11,11,11,11,11,2,2,2,2,11,11,11,11,11,11,11,11,11,11],"EnemiesInterval":0.6},
  {"ID":13,"Enemies":[13,14,14,14,14,14,14,14,14,14,2,2,2,2,11,11,11,11,11,11,11,11,11,13],"EnemiesInterval":0.6},
  {"ID":14,"Enemies":[11,11,11,11,11,11,11,11],"EnemiesInterval":0.6},
  {"ID":15,"Enemies":[0,0,8,3,8,1,2,2,2,11,11,5,4,5],"EnemiesInterval":0.8},
  {"ID":16,"Enemies":[2,2,2,10,14,2,2,2],"EnemiesInterval":0.8},
  {"ID":17,"Enemies":[12],"EnemiesInterval":0.8},
  {"ID":18,"Enemies":[6,6,6,6,6,7,2,2,2,13,6,6,6,6],"EnemiesInterval":0.8},
  {"ID":19,"Enemies":[5,5,5,5,5,5,5,5,5,5,11,11,11,11,11,2,2,2,11,11,11,11,11,6,6,6,6,6,6,6,6,6,6,6],"EnemiesInterval":0.5},
  {"ID":20,"Enemies":[8,8,8,8,8,9,2,2,2,9,8,8,8,8,8],"EnemiesInterval":0.5},
  {"ID":21,"Enemies":[0,4,4,4,3,2,2,2,3,3,4,4,0],"EnemiesInterval":0.5},
  {"ID":22,"Enemies":[6,7,8,9,5,5,5,5,5,5,2,2,2,1,5,5,5,5,5,5,9,8,7,6],"EnemiesInterval":0.4},
  {"ID":23,"Enemies":[13,14,14,14,2,2,2,14,14,14,14,13],"EnemiesInterval":0.6},
  {"ID":24,"Enemies":[2,10,2,10,2,10,2,10,2,10],"EnemiesInterval":0.4},
  {"ID":25,"Enemies":[2,2,2,2,2,2,2,2,2,2,2,2,2,2],"EnemiesInterval":0.4},
  {"ID":26,"Enemies":[5,5,5,5,5,5,5,5,5,2,2,2,5,1,5,5,5,5,5,5,5,5,5,5],"EnemiesInterval":0.4},
  {"ID":27,"Enemies":[3,3,3,3,4,2,2,12,2,2,4,4,4,13,13],"EnemiesInterval":0.6}
]}