{
  "GeneralizationLevel": 0, 
  "NeedsNaturalLanguageObservation": 0,
  "NeedsRealtimeLanguageObservation": 0,
  "IsOnlyPixelObs": 0,
  "LevelsConfigFileName": "BenchmarkLevelsConfig.json",
  "IsHumanPlayerPlaying": 0,
  "IsAutoPlayLevels": 0,
  "IsRepeatFailingLevels": 0,
  "PassLevelsRequirement": 15,
  "IsDrlReward": 0,
  "RoundingDigits": 3,
  "RandomSeed": -1,
  "DecisionPeriod": 16,
  "GridHNum": 10, 
  "GridVNum": 10,
  "IsDebug": 0,
  "IsRecordingEnabled": 0,
  "RecordingPath": "",
  "CommonDescription":"#Game Info: Welcome to Agent Defence Arena! This is a tower defence video game environment for the study of artificial intelligence. This tower defense game consists of many different levels, you need to build different types of defense towers at different locations on the battlefield to prevent monsters from reaching their destination in every level. Funds for building defense towers will be given to you at the beginning of a level. Selling the defense tower will return the funds spent on its construction, but it may not be fully refunded. You can send a squad of knights to the battlefield to resist the attacks of monsters. On the battlefield, you have a hero which can be deployed to any position at will, it can attack monsters in the sky and on land and it also has a special skill that requires you to actively release it. Monsters appear in \"waves\", and each level has a different number of monster waves. There are many kinds of monsters, each with its own strengths and weaknesses. There are several movement paths for monsters in each level, and monsters will randomly choose one of these paths to move. Each time a monster reaches the end of its path you will lose a point of health, and the level will end when you run out of health. The system will count your score after each level, losing health will result in losing score. Since the system encourages completing levels as quickly as possible, you will lose a tiny score every step, good luck. ",
  "Version": "1.0.0"
}