{"Levels":[
  {"ID":0,"PicFilePath":"Map_Pics/n16","FilePath":"Prefabs/Map_l5","Difficulty":0,"Waves":[11,12,13,12,10],"MaxMoney": 3000,"InitialMoney":500, "TotalLife":20, "WavesInterval":6, "CountdownTime": 5, "TowerSellingDiscount": 1.0,"GoldCoinsRefreshTime": 2, "GoldCoinsResidenceTime": 15,"GoldCoinsValue": 100,"GoldCoinsExtraValue": 30,"Is_User_Generated":false},
  {"ID":1,"PicFilePath":"Map_Pics/n19","FilePath":"Prefabs/Map_l6","Difficulty":0,"Waves":[15,16,18,0,1],"MaxMoney": 3000,"InitialMoney":120, "TotalLife":20, "WavesInterval":6, "CountdownTime": 5, "TowerSellingDiscount": 0.0,"GoldCoinsRefreshTime": 2, "GoldCoinsResidenceTime": 15,"GoldCoinsValue": 40,"GoldCoinsExtraValue": 30,"Is_User_Generated":false},
  {"ID":2,"PicFilePath":"Map_Pics/n20","FilePath":"Prefabs/Map_l8","Difficulty":0,"Waves":[17,21,22,23,24],"MaxMoney": 3000,"InitialMoney":500, "TotalLife":20, "WavesInterval":6, "CountdownTime": 5, "TowerSellingDiscount": 0.1,"GoldCoinsRefreshTime": 2, "GoldCoinsResidenceTime": 15,"GoldCoinsValue": 60,"GoldCoinsExtraValue": 30,"Is_User_Generated":false},
  {"ID":3,"PicFilePath":"Map_Pics/n12","FilePath":"Prefabs/Map_l7","Difficulty":0,"Waves":[20,15,16,18,19],"MaxMoney": 3000,"InitialMoney":500, "TotalLife":20, "WavesInterval":6, "CountdownTime": 5, "TowerSellingDiscount": 0.2,"GoldCoinsRefreshTime": 2, "GoldCoinsResidenceTime": 15,"GoldCoinsValue": 70,"GoldCoinsExtraValue": 30,"Is_User_Generated":false},
  {"ID":4,"PicFilePath":"Map_Pics/n17","FilePath":"Prefabs/Map_l9","Difficulty":0,"Waves":[25,26,20,18,27],"MaxMoney": 3000,"InitialMoney":500, "TotalLife":20, "WavesInterval":6, "CountdownTime": 5, "TowerSellingDiscount": 0.0,"GoldCoinsRefreshTime": 2, "GoldCoinsResidenceTime": 15,"GoldCoinsValue": 50,"GoldCoinsExtraValue": 30,"Is_User_Generated":false}
]}