{"FilePath":"Prefabs/Hero", "Health":1600, "MovementSpeed":0.9,"AttackSpeed":0.7, "AttackDamage":200,"AttackExtraDamage": 150, "AttackRange": 1.0,"SkillAttackDamage": 100,"SkillAttackExtraDamage": 100,"SkillCostHealth": 100, "SkillLastTime": 5.0, "SkillAttackRange":0.5, "UpgradeGoldCoinCost":500, "UpgradeHealthGrowthValue":200, "RecoverHealthPerSec":50, "ReviveTime":10.0, "CanAttackAir":true, "CanAttackGround":true, "Description": "Your hero will restore a certain amount of health every second and will be revived after a certain period of time after death. The health value of your hero will not exceed its maximum health value, you can spend gold coins to increase the maximum health value of your hero.","SkillDescription": "Your hero has a skill called 'Fire of Rage' that requires you to actively release it. When you release this skill, the hero will ignite a raging fire at its feet. Any ground units (including your own knights) near this fire will be damaged, and the fire will continue to burn at this location for a period of time. This skill has no cooldown, but your hero will lose a lot of health when released. When this skill causes the death of your own knights, there is a certain probability that 'Friendly Fire Compensation' will be triggered, and you will receive a certain amount of gold coins as compensation."}