{"Levels":[
  {"ID":0,"PicFilePath":"n6.png","FilePath":"Prefabs/Map_UGC","Difficulty":0,"Waves":[25,26,20,18,27],"MaxMoney": 3000,"InitialMoney":500, "TotalLife":20, "WavesInterval":6, "CountdownTime": 5, "TowerSellingDiscount": 0.0,"GoldCoinsRefreshTime": 2, "GoldCoinsResidenceTime": 15,"GoldCoinsValue": 50,"GoldCoinsExtraValue": 30,"Is_User_Generated":true, "CustomEnemiesPaths": [[{"X": -3.0, "Y": 0.0},{"X": 3.0, "Y": 0.0}],[{"X": -3.0, "Y": 1.0},{"X": 3.0, "Y": 0.0}]],"DestinationPosIcon":{"X": 3.0, "Y": 0.0},"TowerPoints": [[{"X": -2.0, "Y": 0.0},{"X": -2.2, "Y": 0.0}],[{"X": -2.0, "Y": 1.0},{"X": -2.2, "Y": 1.0}]] }
]}