{"Levels":[
  {"ID":0,"PicFilePath":"Tower_Defense_Pack/Basic/FinalMap","FilePath":"Prefabs/Map0","Difficulty":0,"Waves":[0,1,0,1,0,1,0,1],"InitialMoney":1000, "TotalLife":20, "WavesInterval":6, "CountdownTime": 5, "TowerSellingDiscount": 1.0,"GoldCoinsRefreshTime": 10, "GoldCoinsResidenceTime": 10,"GoldCoinsValue": 20,"GoldCoinsExtraValue": 20},
  {"ID":1,"PicFilePath":"Tower_Defense_Pack/Basic/Map2","FilePath":"Prefabs/Map1","Difficulty":0,"Waves":[0,1,0,1,0,1,0,1],"InitialMoney":1000, "TotalLife":20, "WavesInterval":6, "CountdownTime": 5, "TowerSellingDiscount": 1.0,"GoldCoinsRefreshTime": 10, "GoldCoinsResidenceTime": 10,"GoldCoinsValue": 20,"GoldCoinsExtraValue": 20},
  {"ID":2,"PicFilePath":"Tower_Defense_Pack/Basic/Map3","FilePath":"Prefabs/Map2","Difficulty":0,"Waves":[9,10,9,0,4,7,8, 0,4,4,3,3,2,2,0,1,0,1],"InitialMoney":1000, "TotalLife":20, "WavesInterval":6, "CountdownTime": 5, "TowerSellingDiscount": 1.0,"GoldCoinsRefreshTime": 2, "GoldCoinsResidenceTime": 10,"GoldCoinsValue": 100,"GoldCoinsExtraValue": 20},
  {"ID":3,"PicFilePath":"Map_Pics/n3","FilePath":"Prefabs/Map3","Difficulty":0,"Waves":[0,4,4,3,3,2,2,0,1,0,1],"InitialMoney":1000, "TotalLife":20, "WavesInterval":6, "CountdownTime": 5, "TowerSellingDiscount": 1.0,"GoldCoinsRefreshTime": 10, "GoldCoinsResidenceTime": 5,"GoldCoinsValue": 20,"GoldCoinsExtraValue": 20},
  {"ID":4,"PicFilePath":"Map_Pics/n5","FilePath":"Prefabs/Map4","Difficulty":0,"Waves":[0,4,4,3,3,2,2,0,1,0,1],"InitialMoney":1000, "TotalLife":20, "WavesInterval":6, "CountdownTime": 5, "TowerSellingDiscount": 1.0,"GoldCoinsRefreshTime": 10, "GoldCoinsResidenceTime": 5,"GoldCoinsValue": 20,"GoldCoinsExtraValue": 20},
  {"ID":5,"PicFilePath":"Map_Pics/n6","FilePath":"Prefabs/Map5","Difficulty":0,"Waves":[0,4,4,3,3,2,2,0,1,0,1],"InitialMoney":1000, "TotalLife":20, "WavesInterval":6, "CountdownTime": 5, "TowerSellingDiscount": 1.0,"GoldCoinsRefreshTime": 10, "GoldCoinsResidenceTime": 5,"GoldCoinsValue": 20,"GoldCoinsExtraValue": 20},
  {"ID":6,"PicFilePath":"Map_Pics/n7","FilePath":"Prefabs/Map6","Difficulty":0,"Waves":[0,4,4,3,3,2,2,0,1,0,1],"InitialMoney":1000, "TotalLife":20, "WavesInterval":6, "CountdownTime": 5, "TowerSellingDiscount": 1.0,"GoldCoinsRefreshTime": 10, "GoldCoinsResidenceTime": 5,"GoldCoinsValue": 20,"GoldCoinsExtraValue": 20},
  {"ID":7,"PicFilePath":"Map_Pics/n9","FilePath":"Prefabs/Map7","Difficulty":0,"Waves":[0,4,4,3,3,2,2,0,1,0,1],"InitialMoney":1000, "TotalLife":20, "WavesInterval":6, "CountdownTime": 5, "TowerSellingDiscount": 1.0,"GoldCoinsRefreshTime": 10, "GoldCoinsResidenceTime": 5,"GoldCoinsValue": 20,"GoldCoinsExtraValue": 20},
  {"ID":8,"PicFilePath":"Map_Pics/n10","FilePath":"Prefabs/Map8","Difficulty":0,"Waves":[0,4,4,3,3,2,2,0,1,0,1],"InitialMoney":1000, "TotalLife":20, "WavesInterval":6, "CountdownTime": 5, "TowerSellingDiscount": 1.0,"GoldCoinsRefreshTime": 10, "GoldCoinsResidenceTime": 5,"GoldCoinsValue": 20,"GoldCoinsExtraValue": 20},
  {"ID":9,"PicFilePath":"Map_Pics/n11","FilePath":"Prefabs/Map9","Difficulty":0,"Waves":[0,4,4,3,3,2,2,0,1,0,1],"InitialMoney":1000, "TotalLife":20, "WavesInterval":6, "CountdownTime": 5, "TowerSellingDiscount": 1.0,"GoldCoinsRefreshTime": 10, "GoldCoinsResidenceTime": 5,"GoldCoinsValue": 20,"GoldCoinsExtraValue": 20},
  {"ID":10,"PicFilePath":"Map_Pics/n12","FilePath":"Prefabs/Map10","Difficulty":0,"Waves":[0,4,4,3,3,2,2,0,1,0,1],"InitialMoney":1000, "TotalLife":20, "WavesInterval":6, "CountdownTime": 5, "TowerSellingDiscount": 1.0,"GoldCoinsRefreshTime": 10, "GoldCoinsResidenceTime": 5,"GoldCoinsValue": 20,"GoldCoinsExtraValue": 20},
  {"ID":11,"PicFilePath":"Map_Pics/n13","FilePath":"Prefabs/Map11","Difficulty":0,"Waves":[0,4,4,3,3,2,2,0,1,0,1],"InitialMoney":1000, "TotalLife":20, "WavesInterval":6, "CountdownTime": 5, "TowerSellingDiscount": 1.0,"GoldCoinsRefreshTime": 10, "GoldCoinsResidenceTime": 5,"GoldCoinsValue": 20,"GoldCoinsExtraValue": 20},
  {"ID":12,"PicFilePath":"Map_Pics/n14","FilePath":"Prefabs/Map12","Difficulty":0,"Waves":[0,4,4,3,3,2,2,0,1,0,1],"InitialMoney":1000, "TotalLife":20, "WavesInterval":6, "CountdownTime": 5, "TowerSellingDiscount": 1.0,"GoldCoinsRefreshTime": 10, "GoldCoinsResidenceTime": 5,"GoldCoinsValue": 20,"GoldCoinsExtraValue": 20},
  {"ID":13,"PicFilePath":"Map_Pics/n15","FilePath":"Prefabs/Map13","Difficulty":0,"Waves":[0,4,4,3,3,2,2,0,1,0,1],"InitialMoney":1000, "TotalLife":20, "WavesInterval":6, "CountdownTime": 5, "TowerSellingDiscount": 1.0,"GoldCoinsRefreshTime": 10, "GoldCoinsResidenceTime": 5,"GoldCoinsValue": 20,"GoldCoinsExtraValue": 20},
  {"ID":14,"PicFilePath":"Map_Pics/n16","FilePath":"Prefabs/Map14","Difficulty":0,"Waves":[0,4,4,3,3,2,2,0,1,0,1],"InitialMoney":1000, "TotalLife":20, "WavesInterval":6, "CountdownTime": 5, "TowerSellingDiscount": 1.0,"GoldCoinsRefreshTime": 10, "GoldCoinsResidenceTime": 5,"GoldCoinsValue": 20,"GoldCoinsExtraValue": 20},
  {"ID":15,"PicFilePath":"Map_Pics/n17","FilePath":"Prefabs/Map15","Difficulty":0,"Waves":[0,4,4,3,3,2,2,0,1,0,1],"InitialMoney":1000, "TotalLife":20, "WavesInterval":6, "CountdownTime": 5, "TowerSellingDiscount": 1.0,"GoldCoinsRefreshTime": 10, "GoldCoinsResidenceTime": 5,"GoldCoinsValue": 20,"GoldCoinsExtraValue": 20},
  {"ID":16,"PicFilePath":"Map_Pics/n18","FilePath":"Prefabs/Map16","Difficulty":0,"Waves":[0,4,4,3,3,2,2,0,1,0,1],"InitialMoney":1000, "TotalLife":20, "WavesInterval":6, "CountdownTime": 5, "TowerSellingDiscount": 1.0,"GoldCoinsRefreshTime": 10, "GoldCoinsResidenceTime": 5,"GoldCoinsValue": 20,"GoldCoinsExtraValue": 20},
  {"ID":17,"PicFilePath":"Map_Pics/n19","FilePath":"Prefabs/Map17","Difficulty":0,"Waves":[0,4,4,3,3,2,2,0,1,0,1],"InitialMoney":1000, "TotalLife":20, "WavesInterval":6, "CountdownTime": 5, "TowerSellingDiscount": 1.0,"GoldCoinsRefreshTime": 10, "GoldCoinsResidenceTime": 5,"GoldCoinsValue": 20,"GoldCoinsExtraValue": 20},
  {"ID":18,"PicFilePath":"Map_Pics/n20","FilePath":"Prefabs/Map18","Difficulty":0,"Waves":[0,4,4,3,3,2,2,0,1,0,1],"InitialMoney":1000, "TotalLife":20, "WavesInterval":6, "CountdownTime": 5, "TowerSellingDiscount": 1.0,"GoldCoinsRefreshTime": 10, "GoldCoinsResidenceTime": 5,"GoldCoinsValue": 20,"GoldCoinsExtraValue": 20},
  {"ID":19,"PicFilePath":"Map_Pics/n21","FilePath":"Prefabs/Map19","Difficulty":0,"Waves":[0,4,4,3,3,2,2,0,1,0,1],"InitialMoney":1000, "TotalLife":20, "WavesInterval":6, "CountdownTime": 5, "TowerSellingDiscount": 1.0,"GoldCoinsRefreshTime": 10, "GoldCoinsResidenceTime": 5,"GoldCoinsValue": 20,"GoldCoinsExtraValue": 20}
]}