{"Towers":[
  {"Type":1,"Price":100,"AttackSpeed":4.0, "AttackDamage":0,"AttackExtraDamage":0, "AttackRange": 2.0, "CanAttackAir":false, "CanAttackGround":false, "Name":"Knight Tower", "UpgradePrice":100, "UpgradeGrowth":1.2, "Description": "Knight Tower cannot directly attack the enemy, but it can summon up to three knights to the battlefield. After these knights die, the Knight Tower will continue to summon knights. You can deploy these three knights anywhere within the attack range of the Knight Tower."},
  {"Type":2,"Price":110,"AttackSpeed":2.0, "AttackDamage":100,"AttackExtraDamage":20, "AttackRange": 2.5, "CanAttackAir":false, "CanAttackGround":true, "Name":"Magician Tower","UpgradePrice":110, "UpgradeGrowth":1.3,"Description": "Magician Tower can only attack ground enemies, not air enemies. It can create a blade trap area (a square with a side length of 0.8) on the ground, any enemy passing through this area will be damaged. "},
  {"Type":3,"Price":120,"AttackSpeed":0.8, "AttackDamage":100,"AttackExtraDamage":50, "AttackRange": 3.0, "CanAttackAir":true, "CanAttackGround":true, "Name":"Archer Tower","UpgradePrice":120, "UpgradeGrowth":1.4,"Description": "Archer Tower can attack enemies on the ground and in the air. It can only hit one enemy at a time. "}
]}