{"Enemies":[
  {"Type":0,"FilePath":"Prefabs/enemy_soldier","Health":500,"MovementSpeed":0.5,"AttackSpeed":0.8, "AttackDamage":100,"AttackExtraDamage":50, "Name":"Orc Warrior","MovementType":"Ground", "Description": "Orc warriors move on the ground, they are heavily armored, so they have high health value."},
  {"Type":1,"FilePath":"Prefabs/enemy_wizard","Health":500,"MovementSpeed":0.5,"AttackSpeed":0.8, "AttackDamage":10,"AttackExtraDamage":10, "Name":"Orc Sorcerer","MovementType":"Ground","Description": "Orc Sorcerers move on the ground, they have powerful perception and magic abilities, and can freeze any defense tower that wants to attack it."},
  {"Type":2,"FilePath":"Prefabs/enemy_air","Health":550,"MovementSpeed":0.8,"AttackSpeed":0.8, "AttackDamage":10, "AttackExtraDamage":0,"Name":"Demon Bat","MovementType":"Flying","Description": "Demon Bats move across the sky, they don't attack, they just fly towards their destination quickly."},
  {"Type":3,"FilePath":"Prefabs/enemy_clown","Health":400,"MovementSpeed":0.5,"AttackSpeed":1.0, "AttackDamage":300,"AttackExtraDamage":200, "Name":"Clown","MovementType":"Ground","Description": "The clowns have skilled combat skills, so they have high attack power and attack speed, which can cause heavy damage to your knights and hero."},
  {"Type":4,"FilePath":"Prefabs/enemy_greeney","Health":400,"MovementSpeed":0.65,"AttackSpeed":0.8, "AttackDamage":120,"AttackExtraDamage":30, "Name":"Troll","MovementType":"Ground","Description": "Trolls have high movement speed and can easily pass through your defenses if you are not careful."},
  {"Type":5,"FilePath":"Prefabs/enemy_zombie","Health":500,"MovementSpeed":0.5,"AttackSpeed":1.0, "AttackDamage":80,"AttackExtraDamage":20, "Name":"Zombie","MovementType":"Ground","Description": "Zombies always appear in groups, and numbers are their advantage."},
  {"Type":6,"FilePath":"Prefabs/enemy_bonesoldier","Health":600,"MovementSpeed":0.4,"AttackSpeed":0.8, "AttackDamage":150,"AttackExtraDamage":20, "Name":"Bone Soldier","MovementType":"Ground","Description": "Bone Soldiers move slower but have higher attack power."},
  {"Type":7,"FilePath":"Prefabs/enemy_bonechanter","Health":1000,"MovementSpeed":0.5,"AttackSpeed":1.2, "AttackDamage":30,"AttackExtraDamage":20, "Name":"Bone Chanter","MovementType":"Ground","Description": "Bone Chanters can not only freeze defense towers, but also has a high health value."},
  {"Type":8,"FilePath":"Prefabs/enemy_piratesailor","Health":800,"MovementSpeed":0.5,"AttackSpeed":0.8, "AttackDamage":100,"AttackExtraDamage":50, "Name":"Pirate Sailor","MovementType":"Ground","Description": "Pirate Sailors have high health."},
  {"Type":9,"FilePath":"Prefabs/enemy_piratecaptain","Health":300,"MovementSpeed":0.5,"AttackSpeed":1.2, "AttackDamage":100,"AttackExtraDamage":500, "Name":"Pirate Captain","MovementType":"Ground","Description": "Pirate Captains have low health but have the potential to deal very high amounts of damage."},
  {"Type":10,"FilePath":"Prefabs/enemy_duckman","Health":400,"MovementSpeed":2.0,"AttackSpeed":0.8, "AttackDamage":30,"AttackExtraDamage":20, "Name":"Duckman","MovementType":"Ground","Description": "Duckmen have extremely high movement speed, but are vulnerable to attack."},
  {"Type":11,"FilePath":"Prefabs/enemy_outlaw","Health":400,"MovementSpeed":0.35,"AttackSpeed":0.9, "AttackDamage":80,"AttackExtraDamage":20, "Name":"Outlaw","MovementType":"Ground","Description": "The Outlaws are a group of robbers who have not received professional military training and are inferior in quality in all aspects."},
  {"Type":12,"FilePath":"Prefabs/enemy_hillking","Health":100000,"MovementSpeed":0.2,"AttackSpeed":0.8, "AttackDamage":30000,"AttackExtraDamage":20, "Name":"Hill King","MovementType":"Ground","Description": "Hill Kings cannot be defeated, and if you see one, your best option might be to run away."},
  {"Type":13,"FilePath":"Prefabs/enemy_trexrider1","Health":1000,"MovementSpeed":0.7,"AttackSpeed":0.7, "AttackDamage":300,"AttackExtraDamage":100, "Name":"T-Rex Rider","MovementType":"Ground","Description": "T-Rex Riders are elite warriors with high qualities in all aspects."},
  {"Type":14,"FilePath":"Prefabs/enemy_piratecommander","Health":1100,"MovementSpeed":0.7,"AttackSpeed":1.2, "AttackDamage":30,"AttackExtraDamage":20, "Name":"Pirate Commander","MovementType":"Ground","Description": "Pirate Commanders have high health and high movement speed."}
]}